Time,Ambient (deg C)
2018-04-04 00:09:55.153874,8.5
2018-04-04 00:19:55.151565,8.5
2018-04-04 00:29:55.149256,8.3
2018-04-04 00:39:55.146946,8.5
2018-04-04 00:49:55.144637,8.3
2018-04-04 00:59:55.142328,8.5
2018-04-04 01:09:55.140019,8.3
2018-04-04 01:19:55.137709,8.3
2018-04-04 01:29:55.135400,8.3
2018-04-04 01:39:55.133091,8.3
2018-04-04 01:49:55.130781,8.3
2018-04-04 01:59:55.128472,8.3
2018-04-04 02:09:55.126163,8.1
2018-04-04 02:19:55.123853,8.1
2018-04-04 02:29:55.121544,8.1
2018-04-04 02:39:55.119235,8.1
2018-04-04 02:49:55.116926,8.1
2018-04-04 02:59:55.114616,8.1
2018-04-04 03:09:55.112307,8.1
2018-04-04 03:19:55.109998,8.1
2018-04-04 03:29:55.107688,8.1
2018-04-04 03:39:55.105379,8.1
2018-04-04 03:49:55.103070,8.0
2018-04-04 03:59:55.100760,8.0
2018-04-04 04:09:55.098451,7.9
2018-04-04 04:19:55.096142,7.9
2018-04-04 04:29:55.093833,7.9
2018-04-04 04:39:55.091523,7.8
2018-04-04 04:49:55.089214,7.8
2018-04-04 04:59:55.086905,7.9
2018-04-04 05:09:55.084595,7.8
2018-04-04 05:19:55.082286,7.8
2018-04-04 05:29:55.079977,7.8
2018-04-04 05:39:55.077667,7.8
2018-04-04 05:49:55.075358,7.6
2018-04-04 05:59:55.073049,7.6
2018-04-04 06:09:55.070740,7.6
2018-04-04 06:19:55.068430,7.6
2018-04-04 06:29:55.066121,7.6
2018-04-04 06:39:55.063812,7.6
2018-04-04 06:49:55.061502,7.6
2018-04-04 06:59:55.059193,7.6
2018-04-04 07:09:55.056884,7.6
2018-04-04 07:19:55.054574,7.6
2018-04-04 07:29:55.052265,7.6
2018-04-04 07:39:55.049956,7.8
2018-04-04 07:49:55.047647,7.8
2018-04-04 07:59:55.045337,7.8
2018-04-04 08:09:55.043028,7.8
2018-04-04 08:19:55.040719,7.9
2018-04-04 08:29:55.038409,7.9
2018-04-04 08:39:55.036100,7.9
2018-04-04 08:49:55.033791,7.9
2018-04-04 08:59:55.031481,7.9
2018-04-04 09:09:55.029172,8.0
2018-04-04 09:19:55.026863,8.0
2018-04-04 09:29:55.024554,8.0
2018-04-04 09:39:55.022244,8.1
2018-04-04 09:49:55.019935,8.1
2018-04-04 09:59:55.017626,8.1
2018-04-04 10:09:55.015316,8.1
2018-04-04 10:19:55.013007,8.1
2018-04-04 10:29:55.010698,8.1
2018-04-04 10:39:55.008388,8.3
2018-04-04 10:49:55.006079,8.3
2018-04-04 10:59:55.003770,8.3
2018-04-04 11:09:55.001461,8.3
2018-04-04 11:19:54.999151,8.3
2018-04-04 11:29:54.996842,8.3
2018-04-04 11:39:54.994533,8.5
2018-04-04 11:49:54.992223,8.5
2018-04-04 11:59:54.989914,8.5
2018-04-04 12:09:54.987605,8.5
2018-04-04 12:19:54.985295,8.5
2018-04-04 12:29:54.982986,8.5
2018-04-04 12:39:54.980677,8.6
2018-04-04 12:49:54.978368,8.6
2018-04-04 12:59:54.976058,8.6
2018-04-04 13:09:54.973749,8.6
2018-04-04 13:19:54.971440,8.6
2018-04-04 13:29:54.969130,8.6
2018-04-04 13:39:54.966821,8.6
2018-04-04 13:49:54.964512,8.6
2018-04-04 13:59:54.962202,8.6
2018-04-04 14:09:54.959893,8.6
2018-04-04 14:19:54.957584,8.6
2018-04-04 14:29:54.955275,8.6
2018-04-04 14:39:54.952965,8.6
2018-04-04 14:49:54.950656,8.8
2018-04-04 14:59:54.948347,8.6
2018-04-04 15:09:54.946037,8.6
2018-04-04 15:19:54.943728,8.6
2018-04-04 15:29:54.941419,8.6
2018-04-04 15:39:54.939109,8.6
2018-04-04 15:49:54.936800,8.6
2018-04-04 15:59:54.934491,8.6
2018-04-04 16:09:54.932182,8.6
2018-04-04 16:19:54.929872,8.6
2018-04-04 16:29:54.927563,8.6
2018-04-04 16:39:54.925254,8.6
2018-04-04 16:49:54.922944,8.6
2018-04-04 16:59:54.920635,8.6
2018-04-04 17:09:54.918326,8.6
2018-04-04 17:19:54.916016,8.6
2018-04-04 17:29:54.913707,8.6
2018-04-04 17:39:54.911398,8.6
2018-04-04 17:49:54.909089,8.6
2018-04-04 17:59:54.906779,8.6
2018-04-04 18:09:54.904470,8.6
2018-04-04 18:19:54.902161,8.6
2018-04-04 18:29:54.899851,8.8
2018-04-04 18:39:54.897542,8.8
2018-04-04 18:49:54.895233,8.8
2018-04-04 18:59:54.892923,8.6
2018-04-04 19:09:54.890614,8.6
2018-04-04 19:19:54.888305,8.8
2018-04-04 19:29:54.885995,8.6
2018-04-04 19:39:54.883686,8.6
2018-04-04 19:49:54.881377,8.6
2018-04-04 19:59:54.879068,8.6
2018-04-04 20:09:54.876758,8.6
2018-04-04 20:19:54.874449,8.6
2018-04-04 20:29:54.872140,8.6
2018-04-04 20:39:54.869830,8.6
2018-04-04 20:49:54.867521,8.6
2018-04-04 20:59:54.865212,8.6
2018-04-04 21:09:54.862902,8.6
2018-04-04 21:19:54.860593,8.6
2018-04-04 21:29:54.858284,8.6
2018-04-04 21:39:54.855975,8.6
2018-04-04 21:49:54.853665,8.5
2018-04-04 21:59:54.851356,8.5
2018-04-04 22:09:54.849047,8.5
2018-04-04 22:19:54.846737,8.3
2018-04-04 22:29:54.844428,8.3
2018-04-04 22:39:54.842119,8.3
2018-04-04 22:49:54.839809,8.3
2018-04-04 22:59:54.837500,8.3
2018-04-04 23:09:54.835191,8.1
2018-04-04 23:19:54.832882,8.1
2018-04-04 23:29:54.830572,8.1
2018-04-04 23:39:54.828263,8.1
2018-04-04 23:49:54.825954,8.1
2018-04-04 23:59:54.823644,8.1
2018-04-05 00:09:54.821335,8.1
2018-04-05 00:19:54.819026,8.0
2018-04-05 00:29:54.816716,7.9
2018-04-05 00:39:54.814407,7.9
2018-04-05 00:49:54.812098,7.9
2018-04-05 00:59:54.809789,7.9
2018-04-05 01:09:54.807479,7.9
2018-04-05 01:19:54.805170,7.8
2018-04-05 01:29:54.802861,7.8
2018-04-05 01:39:54.800551,7.8
2018-04-05 01:49:54.798242,7.8
2018-04-05 01:59:54.795933,7.8
2018-04-05 02:09:54.793623,7.8
2018-04-05 02:19:54.791314,7.6
2018-04-05 02:29:54.789005,7.6
2018-04-05 02:39:54.786696,7.6
2018-04-05 02:49:54.784386,7.6
2018-04-05 02:59:54.782077,7.6
2018-04-05 03:09:54.779768,7.6
2018-04-05 03:19:54.777458,7.6
2018-04-05 03:29:54.775149,7.6
2018-04-05 03:39:54.772840,7.6
2018-04-05 03:49:54.770530,7.6
2018-04-05 03:59:54.768221,7.6
2018-04-05 04:09:54.765912,7.6
2018-04-05 04:19:54.763603,7.6
2018-04-05 04:29:54.761293,7.8
2018-04-05 04:39:54.758984,7.8
2018-04-05 04:49:54.756675,7.8
2018-04-05 04:59:54.754365,7.8
2018-04-05 05:09:54.752056,7.8
2018-04-05 05:19:54.749747,7.8
2018-04-05 05:29:54.747437,7.9
2018-04-05 05:39:54.745128,7.9
2018-04-05 05:49:54.742819,7.9
2018-04-05 05:59:54.740510,7.9
2018-04-05 06:09:54.738200,7.9
2018-04-05 06:19:54.735891,7.9
2018-04-05 06:29:54.733582,7.9
2018-04-05 06:39:54.731272,7.9
2018-04-05 06:49:54.728963,7.9
2018-04-05 06:59:54.726654,7.9
2018-04-05 07:09:54.724344,7.9
2018-04-05 07:19:54.722035,7.9
2018-04-05 07:29:54.719726,8.0
2018-04-05 07:39:54.717417,7.9
2018-04-05 07:49:54.715107,8.0
2018-04-05 07:59:54.712798,8.0
2018-04-05 08:09:54.710489,7.9
2018-04-05 08:19:54.708179,8.0
2018-04-05 08:29:54.705870,8.0
2018-04-05 08:39:54.703561,8.0
2018-04-05 08:49:54.701251,7.9
2018-04-05 08:59:54.698942,8.0
2018-04-05 09:09:54.696633,8.0
2018-04-05 09:19:54.694324,8.0
2018-04-05 09:29:54.692014,8.0
2018-04-05 09:39:54.689705,8.0
2018-04-05 09:49:54.687396,8.0
2018-04-05 09:59:54.685086,8.0
2018-04-05 10:09:54.682777,8.0
2018-04-05 10:19:54.680468,8.0
2018-04-05 10:29:54.678158,8.0
2018-04-05 10:39:54.675849,8.0
2018-04-05 10:49:54.673540,8.0
2018-04-05 10:59:54.671231,8.0
2018-04-05 11:09:54.668921,8.0
2018-04-05 11:19:54.666612,8.0
2018-04-05 11:29:54.664303,8.0
2018-04-05 11:39:54.661993,8.1
2018-04-05 11:49:54.659684,8.1
2018-04-05 11:59:54.657375,8.1
2018-04-05 12:09:54.655065,8.1
2018-04-05 12:19:54.652756,8.1
2018-04-05 12:29:54.650447,8.1
2018-04-05 12:39:54.648138,8.1
2018-04-05 12:49:54.645828,8.0
2018-04-05 12:59:54.643519,8.0
2018-04-05 13:09:54.641210,7.9
2018-04-05 13:19:54.638900,8.0
2018-04-05 13:29:54.636591,7.9
2018-04-05 13:39:54.634282,7.9
2018-04-05 13:49:54.631972,7.9
2018-04-05 13:59:54.629663,7.9
2018-04-05 14:09:54.627354,7.9
2018-04-05 14:19:54.625045,7.9
2018-04-05 14:29:54.622735,7.9
2018-04-05 14:39:54.620426,7.9
2018-04-05 14:49:54.618117,7.8
2018-04-05 14:59:54.615807,7.8
2018-04-05 15:09:54.613498,7.6
2018-04-05 15:19:54.611189,7.6
2018-04-05 15:29:54.608879,7.6
2018-04-05 15:39:54.606570,7.6
2018-04-05 15:49:54.604261,7.6
2018-04-05 15:59:54.601952,7.5
2018-04-05 16:09:54.599642,7.5
2018-04-05 16:19:54.597333,7.5
2018-04-05 16:29:54.595024,7.5
2018-04-05 16:39:54.592714,7.5
2018-04-05 16:49:54.590405,7.5
2018-04-05 16:59:54.588096,7.5
2018-04-05 17:09:54.585786,7.5
2018-04-05 17:19:54.583477,7.5
2018-04-05 17:29:54.581168,7.4
2018-04-05 17:39:54.578859,7.5
2018-04-05 17:49:54.576549,7.5
2018-04-05 17:59:54.574240,7.4
2018-04-05 18:09:54.571931,7.4
2018-04-05 18:19:54.569621,7.4
2018-04-05 18:29:54.567312,7.4
2018-04-05 18:39:54.565003,7.4
2018-04-05 18:49:54.562693,7.4
2018-04-05 18:59:54.560384,7.4
2018-04-05 19:09:54.558075,7.3
2018-04-05 19:19:54.555766,7.4
2018-04-05 19:29:54.553456,7.3
2018-04-05 19:39:54.551147,7.3
2018-04-05 19:49:54.548838,7.3
2018-04-05 19:59:54.546528,7.4
2018-04-05 20:09:54.544219,7.3
2018-04-05 20:19:54.541910,7.3
2018-04-05 20:29:54.539600,7.3
2018-04-05 20:39:54.537291,7.3
2018-04-05 20:49:54.534982,7.3
2018-04-05 20:59:54.532672,7.1
2018-04-05 21:09:54.530363,7.3
2018-04-05 21:19:54.528054,7.3
2018-04-05 21:29:54.525745,7.3
2018-04-05 21:39:54.523435,7.1
2018-04-05 21:49:54.521126,7.1
2018-04-05 21:59:54.518817,7.1
2018-04-05 22:09:54.516507,7.1
2018-04-05 22:19:54.514198,7.1
2018-04-05 22:29:54.511889,7.0
2018-04-05 22:39:54.509579,7.0
2018-04-05 22:49:54.507270,7.0
2018-04-05 22:59:54.504961,7.0
2018-04-05 23:09:54.502652,7.0
2018-04-05 23:19:54.500342,7.0
2018-04-05 23:29:54.498033,7.0
2018-04-05 23:39:54.495724,7.0
2018-04-05 23:49:54.493414,7.0
2018-04-05 23:59:54.491105,7.0
2018-04-06 00:09:54.488796,7.0
2018-04-06 00:19:54.486486,7.0
2018-04-06 00:29:54.484177,7.0
2018-04-06 00:39:54.481868,7.0
2018-04-06 00:49:54.479559,6.9
2018-04-06 00:59:54.477249,6.9
2018-04-06 01:09:54.474940,6.9
2018-04-06 01:19:54.472631,6.9
2018-04-06 01:29:54.470321,6.9
2018-04-06 01:39:54.468012,6.9
2018-04-06 01:49:54.465703,6.9
2018-04-06 01:59:54.463393,6.8
2018-04-06 02:09:54.461084,6.8
2018-04-06 02:19:54.458775,6.8
2018-04-06 02:29:54.456466,6.8
2018-04-06 02:39:54.454156,6.8
2018-04-06 02:49:54.451847,6.8
2018-04-06 02:59:54.449538,6.8
2018-04-06 03:09:54.447228,6.6
2018-04-06 03:19:54.444919,6.6
2018-04-06 03:29:54.442610,6.6
2018-04-06 03:39:54.440300,6.6
2018-04-06 03:49:54.437991,6.6
2018-04-06 03:59:54.435682,6.6
2018-04-06 04:09:54.433373,6.6
2018-04-06 04:19:54.431063,6.6
2018-04-06 04:29:54.428754,6.6
2018-04-06 04:39:54.426445,6.6
2018-04-06 04:49:54.424135,6.6
2018-04-06 04:59:54.421826,6.5
2018-04-06 05:09:54.419517,6.6
2018-04-06 05:19:54.417207,6.6
2018-04-06 05:29:54.414898,6.6
2018-04-06 05:39:54.412589,6.6
2018-04-06 05:49:54.410280,6.6
2018-04-06 05:59:54.407970,6.5
2018-04-06 06:09:54.405661,6.6
2018-04-06 06:19:54.403352,6.6
2018-04-06 06:29:54.401042,6.5
2018-04-06 06:39:54.398733,6.6
2018-04-06 06:49:54.396424,6.6
2018-04-06 06:59:54.394114,6.6
2018-04-06 07:09:54.391805,6.6
2018-04-06 07:19:54.389496,6.8
2018-04-06 07:29:54.387187,6.8
2018-04-06 07:39:54.384877,6.8
2018-04-06 07:49:54.382568,6.9
2018-04-06 07:59:54.380259,6.9
2018-04-06 08:09:54.377949,6.9
2018-04-06 08:19:54.375640,7.0
2018-04-06 08:29:54.373331,7.0
2018-04-06 08:39:54.371021,7.0
2018-04-06 08:49:54.368712,7.0
2018-04-06 08:59:54.366403,7.0
2018-04-06 09:09:54.364094,7.0
2018-04-06 09:19:54.361784,7.0
2018-04-06 09:29:54.359475,7.1
2018-04-06 09:39:54.357166,7.1
2018-04-06 09:49:54.354856,7.1
2018-04-06 09:59:54.352547,7.3
2018-04-06 10:09:54.350238,7.3
2018-04-06 10:19:54.347928,7.3
2018-04-06 10:29:54.345619,7.3
2018-04-06 10:39:54.343310,7.4
2018-04-06 10:49:54.341001,7.4
2018-04-06 10:59:54.338691,7.4
2018-04-06 11:09:54.336382,7.5
2018-04-06 11:19:54.334073,7.4
2018-04-06 11:29:54.331763,7.4
2018-04-06 11:39:54.329454,7.5
2018-04-06 11:49:54.327145,7.5
2018-04-06 11:59:54.324835,7.5
2018-04-06 12:09:54.322526,7.5
2018-04-06 12:19:54.320217,7.5
2018-04-06 12:29:54.317908,7.5
2018-04-06 12:39:54.315598,7.5
2018-04-06 12:49:54.313289,7.5
2018-04-06 12:59:54.310980,7.5
2018-04-06 13:09:54.308670,7.6
2018-04-06 13:19:54.306361,7.5
2018-04-06 13:29:54.304052,7.6
2018-04-06 13:39:54.301742,7.6
2018-04-06 13:49:54.299433,7.6
2018-04-06 13:59:54.297124,7.6
2018-04-06 14:09:54.294815,7.8
2018-04-06 14:19:54.292505,7.6
2018-04-06 14:29:54.290196,7.6
2018-04-06 14:39:54.287887,7.8
2018-04-06 14:49:54.285577,7.6
2018-04-06 14:59:54.283268,7.8
2018-04-06 15:09:54.280959,7.8
2018-04-06 15:19:54.278649,7.8
2018-04-06 15:29:54.276340,7.8
2018-04-06 15:39:54.274031,7.8
2018-04-06 15:49:54.271722,7.8
2018-04-06 15:59:54.269412,7.9
2018-04-06 16:09:54.267103,7.9
2018-04-06 16:19:54.264794,7.9
2018-04-06 16:29:54.262484,7.9
2018-04-06 16:39:54.260175,7.9
2018-04-06 16:49:54.257866,7.9
2018-04-06 16:59:54.255556,7.9
2018-04-06 17:09:54.253247,7.9
2018-04-06 17:19:54.250938,7.9
2018-04-06 17:29:54.248629,7.9
2018-04-06 17:39:54.246319,7.9
2018-04-06 17:49:54.244010,7.9
2018-04-06 17:59:54.241701,7.9
2018-04-06 18:09:54.239391,8.0
2018-04-06 18:19:54.237082,8.0
2018-04-06 18:29:54.234773,8.0
2018-04-06 18:39:54.232463,8.0
2018-04-06 18:49:54.230154,8.0
2018-04-06 18:59:54.227845,8.0
2018-04-06 19:09:54.225536,8.0
2018-04-06 19:19:54.223226,8.0
2018-04-06 19:29:54.220917,8.0
2018-04-06 19:39:54.218608,8.0
2018-04-06 19:49:54.216298,8.0
2018-04-06 19:59:54.213989,8.1
2018-04-06 20:09:54.211680,8.0
2018-04-06 20:19:54.209370,8.0
2018-04-06 20:29:54.207061,8.0
2018-04-06 20:39:54.204752,8.0
2018-04-06 20:49:54.202443,8.0
2018-04-06 20:59:54.200133,8.0
2018-04-06 21:09:54.197824,7.9
2018-04-06 21:19:54.195515,8.0
2018-04-06 21:29:54.193205,8.0
2018-04-06 21:39:54.190896,8.0
2018-04-06 21:49:54.188587,7.9
2018-04-06 21:59:54.186277,7.9
2018-04-06 22:09:54.183968,7.9
2018-04-06 22:19:54.181659,7.9
2018-04-06 22:29:54.179350,7.9
2018-04-06 22:39:54.177040,7.8
2018-04-06 22:49:54.174731,7.9
2018-04-06 22:59:54.172422,7.8
2018-04-06 23:09:54.170112,7.8
2018-04-06 23:19:54.167803,7.8
2018-04-06 23:29:54.165494,7.8
2018-04-06 23:39:54.163184,7.8
2018-04-06 23:49:54.160875,7.6
2018-04-06 23:59:54.158566,7.6
2018-04-07 00:09:54.156256,7.6
2018-04-07 00:19:54.153947,7.5
2018-04-07 00:29:54.151638,7.6
2018-04-07 00:39:54.149329,7.5
2018-04-07 00:49:54.147019,7.5
2018-04-07 00:59:54.144710,7.5
2018-04-07 01:09:54.142401,7.5
2018-04-07 01:19:54.140091,7.5
2018-04-07 01:29:54.137782,7.5
2018-04-07 01:39:54.135473,7.5
2018-04-07 01:49:54.133163,7.5
2018-04-07 01:59:54.130854,7.4
2018-04-07 02:09:54.128545,7.4
2018-04-07 02:19:54.126236,7.4
2018-04-07 02:29:54.123926,7.3
2018-04-07 02:39:54.121617,7.3
2018-04-07 02:49:54.119308,7.4
2018-04-07 02:59:54.116998,7.3
2018-04-07 03:09:54.114689,7.3
2018-04-07 03:19:54.112380,7.3
2018-04-07 03:29:54.110070,7.1
2018-04-07 03:39:54.107761,7.3
2018-04-07 03:49:54.105452,7.1
2018-04-07 03:59:54.103143,7.1
2018-04-07 04:09:54.100833,7.1
2018-04-07 04:19:54.098524,7.1
2018-04-07 04:29:54.096215,7.1
2018-04-07 04:39:54.093905,7.1
2018-04-07 04:49:54.091596,7.1
2018-04-07 04:59:54.089287,7.1
2018-04-07 05:09:54.086977,7.1
2018-04-07 05:19:54.084668,7.1
2018-04-07 05:29:54.082359,7.1
2018-04-07 05:39:54.080050,7.1
2018-04-07 05:49:54.077740,7.1
2018-04-07 05:59:54.075431,7.3
2018-04-07 06:09:54.073122,7.3
2018-04-07 06:19:54.070812,7.3
2018-04-07 06:29:54.068503,7.3
2018-04-07 06:39:54.066194,7.3
2018-04-07 06:49:54.063884,7.3
2018-04-07 06:59:54.061575,7.3
2018-04-07 07:09:54.059266,7.4
2018-04-07 07:19:54.056957,7.4
2018-04-07 07:29:54.054647,7.5
2018-04-07 07:39:54.052338,7.5
2018-04-07 07:49:54.050029,7.5
2018-04-07 07:59:54.047719,7.5
2018-04-07 08:09:54.045410,7.5
2018-04-07 08:19:54.043101,7.6
2018-04-07 08:29:54.040791,7.6
2018-04-07 08:39:54.038482,7.8
2018-04-07 08:49:54.036173,7.8
2018-04-07 08:59:54.033864,7.8
2018-04-07 09:09:54.031554,7.8
2018-04-07 09:19:54.029245,7.9
2018-04-07 09:29:54.026936,7.9
2018-04-07 09:39:54.024626,7.9
2018-04-07 09:49:54.022317,8.0
2018-04-07 09:59:54.020008,8.1
2018-04-07 10:09:54.017698,8.0
2018-04-07 10:19:54.015389,8.1
2018-04-07 10:29:54.013080,8.1
2018-04-07 10:39:54.010771,8.1
2018-04-07 10:49:54.008461,8.1
2018-04-07 10:59:54.006152,8.1
2018-04-07 11:09:54.003843,8.1
2018-04-07 11:19:54.001533,8.1
2018-04-07 11:29:53.999224,8.3
2018-04-07 11:39:53.996915,8.3
2018-04-07 11:49:53.994605,8.3
2018-04-07 11:59:53.992296,8.3
2018-04-07 12:09:53.989987,8.5
2018-04-07 12:19:53.987678,8.3
2018-04-07 12:29:53.985368,8.3
2018-04-07 12:39:53.983059,8.5
2018-04-07 12:49:53.980750,8.5
2018-04-07 12:59:53.978440,8.5
2018-04-07 13:09:53.976131,8.6
2018-04-07 13:19:53.973822,8.5
2018-04-07 13:29:53.971512,8.5
2018-04-07 13:39:53.969203,8.6
2018-04-07 13:49:53.966894,8.6
2018-04-07 13:59:53.964585,8.6
2018-04-07 14:09:53.962275,8.6
2018-04-07 14:19:53.959966,8.6
2018-04-07 14:29:53.957657,8.6
2018-04-07 14:39:53.955347,8.6
2018-04-07 14:49:53.953038,8.6
2018-04-07 14:59:53.950729,8.6
2018-04-07 15:09:53.948419,8.6
2018-04-07 15:19:53.946110,8.6
2018-04-07 15:29:53.943801,8.6
2018-04-07 15:39:53.941492,8.6
2018-04-07 15:49:53.939182,8.6
2018-04-07 15:59:53.936873,8.8
2018-04-07 16:09:53.934564,8.6
2018-04-07 16:19:53.932254,8.6
2018-04-07 16:29:53.929945,8.6
2018-04-07 16:39:53.927636,8.8
2018-04-07 16:49:53.925326,8.8
2018-04-07 16:59:53.923017,8.8
2018-04-07 17:09:53.920708,8.8
2018-04-07 17:19:53.918399,8.8
2018-04-07 17:29:53.916089,8.8
2018-04-07 17:39:53.913780,8.8
2018-04-07 17:49:53.911471,8.8
2018-04-07 17:59:53.909161,8.8
2018-04-07 18:09:53.906852,8.8
2018-04-07 18:19:53.904543,8.8
2018-04-07 18:29:53.902233,8.8
2018-04-07 18:39:53.899924,9.0
2018-04-07 18:49:53.897615,9.0
2018-04-07 18:59:53.895306,9.0
2018-04-07 19:09:53.892996,9.0
2018-04-07 19:19:53.890687,9.0
2018-04-07 19:29:53.888378,9.0
2018-04-07 19:39:53.886068,9.0
2018-04-07 19:49:53.883759,9.0
2018-04-07 19:59:53.881450,9.0
2018-04-07 20:09:53.879140,9.0
2018-04-07 20:19:53.876831,8.8
2018-04-07 20:29:53.874522,9.0
2018-04-07 20:39:53.872213,8.8
2018-04-07 20:49:53.869903,8.8
2018-04-07 20:59:53.867594,8.8
2018-04-07 21:09:53.865285,8.8
2018-04-07 21:19:53.862975,8.8
2018-04-07 21:29:53.860666,8.8
2018-04-07 21:39:53.858357,8.8
2018-04-07 21:49:53.856047,8.6
2018-04-07 21:59:53.853738,8.6
2018-04-07 22:09:53.851429,8.6
2018-04-07 22:19:53.849120,8.6
2018-04-07 22:29:53.846810,8.6
2018-04-07 22:39:53.844501,8.6
2018-04-07 22:49:53.842192,8.6
2018-04-07 22:59:53.839882,8.5
2018-04-07 23:09:53.837573,8.5
2018-04-07 23:19:53.835264,8.5
2018-04-07 23:29:53.832954,8.3
2018-04-07 23:39:53.830645,8.3
2018-04-07 23:49:53.828336,8.3
2018-04-07 23:59:53.826027,8.1
2018-04-08 00:09:53.823717,8.1
2018-04-08 00:19:53.821408,8.1
2018-04-08 00:29:53.819099,8.1
2018-04-08 00:39:53.816789,8.1
2018-04-08 00:49:53.814480,8.0
2018-04-08 00:59:53.812171,8.0
2018-04-08 01:09:53.809861,7.9
2018-04-08 01:19:53.807552,7.9
2018-04-08 01:29:53.805243,7.9
2018-04-08 01:39:53.802933,7.9
2018-04-08 01:49:53.800624,7.8
2018-04-08 01:59:53.798315,7.8
2018-04-08 02:09:53.796006,7.8
2018-04-08 02:19:53.793696,7.6
2018-04-08 02:29:53.791387,7.8
2018-04-08 02:39:53.789078,7.6
2018-04-08 02:49:53.786768,7.6
2018-04-08 02:59:53.784459,7.5
2018-04-08 03:09:53.782150,7.5
2018-04-08 03:19:53.779840,7.6
2018-04-08 03:29:53.777531,7.5
2018-04-08 03:39:53.775222,7.5
2018-04-08 03:49:53.772913,7.6
2018-04-08 03:59:53.770603,7.5
2018-04-08 04:09:53.768294,7.5
2018-04-08 04:19:53.765985,7.5
2018-04-08 04:29:53.763675,7.5
2018-04-08 04:39:53.761366,7.5
2018-04-08 04:49:53.759057,7.6
2018-04-08 04:59:53.756747,7.5
2018-04-08 05:09:53.754438,7.6
2018-04-08 05:19:53.752129,7.6
2018-04-08 05:29:53.749820,7.6
2018-04-08 05:39:53.747510,7.6
2018-04-08 05:49:53.745201,7.8
2018-04-08 05:59:53.742892,7.8
2018-04-08 06:09:53.740582,7.8
2018-04-08 06:19:53.738273,7.8
2018-04-08 06:29:53.735964,7.9
2018-04-08 06:39:53.733654,7.8
2018-04-08 06:49:53.731345,7.9
2018-04-08 06:59:53.729036,7.9
2018-04-08 07:09:53.726727,7.9
2018-04-08 07:19:53.724417,8.0
2018-04-08 07:29:53.722108,8.0
2018-04-08 07:39:53.719799,8.1
2018-04-08 07:49:53.717489,8.1
2018-04-08 07:59:53.715180,8.1
2018-04-08 08:09:53.712871,8.1
2018-04-08 08:19:53.710561,8.3
2018-04-08 08:29:53.708252,8.3
2018-04-08 08:39:53.705943,8.3
2018-04-08 08:49:53.703634,8.3
2018-04-08 08:59:53.701324,8.3
2018-04-08 09:09:53.699015,8.5
2018-04-08 09:19:53.696706,8.5
2018-04-08 09:29:53.694396,8.6
2018-04-08 09:39:53.692087,8.6
2018-04-08 09:49:53.689778,8.6
2018-04-08 09:59:53.687468,8.8
2018-04-08 10:09:53.685159,8.8
2018-04-08 10:19:53.682850,8.8
2018-04-08 10:29:53.680541,8.8
2018-04-08 10:39:53.678231,8.8
2018-04-08 10:49:53.675922,8.8
2018-04-08 10:59:53.673613,9.0
2018-04-08 11:09:53.671303,9.0
2018-04-08 11:19:53.668994,9.0
2018-04-08 11:29:53.666685,9.0
2018-04-08 11:39:53.664375,9.1
2018-04-08 11:49:53.662066,9.1
2018-04-08 11:59:53.659757,9.1
2018-04-08 12:09:53.657448,9.1
2018-04-08 12:19:53.655138,9.1
2018-04-08 12:29:53.652829,9.1
2018-04-08 12:39:53.650520,9.1
2018-04-08 12:49:53.648210,9.1
2018-04-08 12:59:53.645901,9.3
2018-04-08 13:09:53.643592,9.3
2018-04-08 13:19:53.641282,9.3
2018-04-08 13:29:53.638973,9.3
2018-04-08 13:39:53.636664,9.3
2018-04-08 13:49:53.634355,9.3
2018-04-08 13:59:53.632045,9.3
2018-04-08 14:09:53.629736,9.3
2018-04-08 14:19:53.627427,9.3
2018-04-08 14:29:53.625117,9.3
2018-04-08 14:39:53.622808,9.3
2018-04-08 14:49:53.620499,9.3
2018-04-08 14:59:53.618189,9.3
2018-04-08 15:09:53.615880,9.3
2018-04-08 15:19:53.613571,9.3
2018-04-08 15:29:53.611262,9.3
2018-04-08 15:39:53.608952,9.3
2018-04-08 15:49:53.606643,9.3
2018-04-08 15:59:53.604334,9.3
2018-04-08 16:09:53.602024,9.3
2018-04-08 16:19:53.599715,9.3
2018-04-08 16:29:53.597406,9.3
2018-04-08 16:39:53.595096,9.3
2018-04-08 16:49:53.592787,9.3
2018-04-08 16:59:53.590478,9.3
2018-04-08 17:09:53.588169,9.3
2018-04-08 17:19:53.585859,9.3
2018-04-08 17:29:53.583550,9.3
2018-04-08 17:39:53.581241,9.1
2018-04-08 17:49:53.578931,9.1
2018-04-08 17:59:53.576622,9.1
2018-04-08 18:09:53.574313,9.1
2018-04-08 18:19:53.572003,9.1
2018-04-08 18:29:53.569694,9.1
2018-04-08 18:39:53.567385,9.1
2018-04-08 18:49:53.565076,9.1
2018-04-08 18:59:53.562766,9.1
2018-04-08 19:09:53.560457,9.0
2018-04-08 19:19:53.558148,9.0
2018-04-08 19:29:53.555838,9.0
2018-04-08 19:39:53.553529,8.8
2018-04-08 19:49:53.551220,8.8
2018-04-08 19:59:53.548910,8.8
2018-04-08 20:09:53.546601,8.8
2018-04-08 20:19:53.544292,8.8
2018-04-08 20:29:53.541983,8.8
2018-04-08 20:39:53.539673,8.6
2018-04-08 20:49:53.537364,8.6
2018-04-08 20:59:53.535055,8.8
2018-04-08 21:09:53.532745,8.6
2018-04-08 21:19:53.530436,8.6
2018-04-08 21:29:53.528127,8.6
2018-04-08 21:39:53.525817,8.6
2018-04-08 21:49:53.523508,8.5
2018-04-08 21:59:53.521199,8.5
2018-04-08 22:09:53.518890,8.5
2018-04-08 22:19:53.516580,8.5
2018-04-08 22:29:53.514271,8.5
2018-04-08 22:39:53.511962,8.3
2018-04-08 22:49:53.509652,8.3
2018-04-08 22:59:53.507343,8.3
2018-04-08 23:09:53.505034,8.3
2018-04-08 23:19:53.502724,8.3
2018-04-08 23:29:53.500415,8.1
2018-04-08 23:39:53.498106,8.1
2018-04-08 23:49:53.495797,8.1
2018-04-08 23:59:53.493487,8.1
2018-04-09 00:09:53.491178,8.1
2018-04-09 00:19:53.488869,8.1
2018-04-09 00:29:53.486559,8.1
2018-04-09 00:39:53.484250,8.1
2018-04-09 00:49:53.481941,8.1
2018-04-09 00:59:53.479631,8.0
2018-04-09 01:09:53.477322,8.1
2018-04-09 01:19:53.475013,8.0
2018-04-09 01:29:53.472704,8.0
2018-04-09 01:39:53.470394,8.0
2018-04-09 01:49:53.468085,8.0
2018-04-09 01:59:53.465776,8.0
2018-04-09 02:09:53.463466,8.0
2018-04-09 02:19:53.461157,8.0
2018-04-09 02:29:53.458848,8.0
2018-04-09 02:39:53.456538,8.0
2018-04-09 02:49:53.454229,8.1
2018-04-09 02:59:53.451920,8.0
2018-04-09 03:09:53.449610,8.0
2018-04-09 03:19:53.447301,8.1
2018-04-09 03:29:53.444992,8.1
2018-04-09 03:39:53.442683,8.1
2018-04-09 03:49:53.440373,8.1
2018-04-09 03:59:53.438064,8.1
2018-04-09 04:09:53.435755,8.1
2018-04-09 04:19:53.433445,8.1
2018-04-09 04:29:53.431136,8.1
2018-04-09 04:39:53.428827,8.1
2018-04-09 04:49:53.426517,8.1
2018-04-09 04:59:53.424208,8.3
2018-04-09 05:09:53.421899,8.3
2018-04-09 05:19:53.419590,8.3
2018-04-09 05:29:53.417280,8.3
2018-04-09 05:39:53.414971,8.3
2018-04-09 05:49:53.412662,8.3
2018-04-09 05:59:53.410352,8.3
2018-04-09 06:09:53.408043,8.5
2018-04-09 06:19:53.405734,8.5
2018-04-09 06:29:53.403424,8.5
2018-04-09 06:39:53.401115,8.6
2018-04-09 06:49:53.398806,8.6
2018-04-09 06:59:53.396497,8.6
2018-04-09 07:09:53.394187,8.6
2018-04-09 07:19:53.391878,8.6
2018-04-09 07:29:53.389569,8.6
2018-04-09 07:39:53.387259,8.6
2018-04-09 07:49:53.384950,8.8
2018-04-09 07:59:53.382641,8.8
2018-04-09 08:09:53.380331,8.8
2018-04-09 08:19:53.378022,8.8
2018-04-09 08:29:53.375713,8.8
2018-04-09 08:39:53.373404,8.8
2018-04-09 08:49:53.371094,8.8
2018-04-09 08:59:53.368785,8.8
2018-04-09 09:09:53.366476,8.8
2018-04-09 09:19:53.364166,8.8
2018-04-09 09:29:53.361857,8.8
2018-04-09 09:39:53.359548,8.8
2018-04-09 09:49:53.357238,8.8
2018-04-09 09:59:53.354929,8.8
2018-04-09 10:09:53.352620,8.8
2018-04-09 10:19:53.350311,8.8
2018-04-09 10:29:53.348001,8.8
2018-04-09 10:39:53.345692,8.8
2018-04-09 10:49:53.343383,8.8
2018-04-09 10:59:53.341073,8.8
2018-04-09 11:09:53.338764,8.8
2018-04-09 11:19:53.336455,8.8
2018-04-09 11:29:53.334145,8.8
2018-04-09 11:39:53.331836,8.8
2018-04-09 11:49:53.329527,8.8
2018-04-09 11:59:53.327218,8.6
2018-04-09 12:09:53.324908,8.6
2018-04-09 12:19:53.322599,8.6
2018-04-09 12:29:53.320290,8.6
2018-04-09 12:39:53.317980,8.6
2018-04-09 12:49:53.315671,8.6
2018-04-09 12:59:53.313362,8.6
2018-04-09 13:09:53.311052,8.5
2018-04-09 13:19:53.308743,8.5
2018-04-09 13:29:53.306434,8.3
2018-04-09 13:39:53.304125,8.3
2018-04-09 13:49:53.301815,8.3
2018-04-09 13:59:53.299506,8.3
2018-04-09 14:09:53.297197,8.3
2018-04-09 14:19:53.294887,8.1
2018-04-09 14:29:53.292578,8.1
2018-04-09 14:39:53.290269,8.1
2018-04-09 14:49:53.287959,8.1
2018-04-09 14:59:53.285650,8.1
2018-04-09 15:09:53.283341,8.0
2018-04-09 15:19:53.281032,7.9
2018-04-09 15:29:53.278722,7.9
2018-04-09 15:39:53.276413,7.9
2018-04-09 15:49:53.274104,7.8
2018-04-09 15:59:53.271794,7.8
2018-04-09 16:09:53.269485,7.6
2018-04-09 16:19:53.267176,7.6
2018-04-09 16:29:53.264866,7.6
2018-04-09 16:39:53.262557,7.5
2018-04-09 16:49:53.260248,7.5
2018-04-09 16:59:53.257939,7.5
2018-04-09 17:09:53.255629,7.5
2018-04-09 17:19:53.253320,7.5
2018-04-09 17:29:53.251011,7.4
2018-04-09 17:39:53.248701,7.3
2018-04-09 17:49:53.246392,7.3
2018-04-09 17:59:53.244083,7.3
2018-04-09 18:09:53.241773,7.3
2018-04-09 18:19:53.239464,7.3
2018-04-09 18:29:53.237155,7.1
2018-04-09 18:39:53.234846,7.1
2018-04-09 18:49:53.232536,7.1
2018-04-09 18:59:53.230227,7.0
2018-04-09 19:09:53.227918,7.0
2018-04-09 19:19:53.225608,7.0
2018-04-09 19:29:53.223299,7.0
2018-04-09 19:39:53.220990,7.0
2018-04-09 19:49:53.218680,7.0
2018-04-09 19:59:53.216371,7.0
2018-04-09 20:09:53.214062,6.9
2018-04-09 20:19:53.211753,7.0
2018-04-09 20:29:53.209443,6.9
2018-04-09 20:39:53.207134,6.9
2018-04-09 20:49:53.204825,6.8
2018-04-09 20:59:53.202515,6.8
2018-04-09 21:09:53.200206,6.8
2018-04-09 21:19:53.197897,6.8
2018-04-09 21:29:53.195587,6.8
2018-04-09 21:39:53.193278,6.8
2018-04-09 21:49:53.190969,6.6
2018-04-09 21:59:53.188660,6.6
2018-04-09 22:09:53.186350,6.6
2018-04-09 22:19:53.184041,6.6
2018-04-09 22:29:53.181732,6.5
2018-04-09 22:39:53.179422,6.5
2018-04-09 22:49:53.177113,6.5
2018-04-09 22:59:53.174804,6.5
2018-04-09 23:09:53.172494,6.5
2018-04-09 23:19:53.170185,6.5
2018-04-09 23:29:53.167876,6.5
2018-04-09 23:39:53.165567,6.5
2018-04-09 23:49:53.163257,6.5
2018-04-09 23:59:53.160948,6.5
2018-04-10 00:09:53.158639,6.5
2018-04-10 00:19:53.156329,6.5
2018-04-10 00:29:53.154020,6.5
2018-04-10 00:39:53.151711,6.4
2018-04-10 00:49:53.149401,6.5
2018-04-10 00:59:53.147092,6.4
2018-04-10 01:09:53.144783,6.5
2018-04-10 01:19:53.142474,6.5
2018-04-10 01:29:53.140164,6.4
2018-04-10 01:39:53.137855,6.4
2018-04-10 01:49:53.135546,6.4
2018-04-10 01:59:53.133236,6.4
2018-04-10 02:09:53.130927,6.4
2018-04-10 02:19:53.128618,6.3
2018-04-10 02:29:53.126308,6.3
2018-04-10 02:39:53.123999,6.3
2018-04-10 02:49:53.121690,6.3
2018-04-10 02:59:53.119381,6.4
2018-04-10 03:09:53.117071,6.3
2018-04-10 03:19:53.114762,6.3
2018-04-10 03:29:53.112453,6.3
2018-04-10 03:39:53.110143,6.3
2018-04-10 03:49:53.107834,6.3
2018-04-10 03:59:53.105525,6.3
2018-04-10 04:09:53.103215,6.3
2018-04-10 04:19:53.100906,6.3
2018-04-10 04:29:53.098597,6.3
2018-04-10 04:39:53.096288,6.3
2018-04-10 04:49:53.093978,6.3
2018-04-10 04:59:53.091669,6.3
2018-04-10 05:09:53.089360,6.3
2018-04-10 05:19:53.087050,6.3
2018-04-10 05:29:53.084741,6.3
2018-04-10 05:39:53.082432,6.3
2018-04-10 05:49:53.080122,6.3
2018-04-10 05:59:53.077813,6.3
2018-04-10 06:09:53.075504,6.3
2018-04-10 06:19:53.073194,6.3
2018-04-10 06:29:53.070885,6.3
2018-04-10 06:39:53.068576,6.3
2018-04-10 06:49:53.066267,6.3
2018-04-10 06:59:53.063957,6.3
2018-04-10 07:09:53.061648,6.3
2018-04-10 07:19:53.059339,6.3
2018-04-10 07:29:53.057029,6.3
2018-04-10 07:39:53.054720,6.4
2018-04-10 07:49:53.052411,6.4
2018-04-10 07:59:53.050101,6.4
2018-04-10 08:09:53.047792,6.4
2018-04-10 08:19:53.045483,6.4
2018-04-10 08:29:53.043174,6.4
2018-04-10 08:39:53.040864,6.4
2018-04-10 08:49:53.038555,6.5
2018-04-10 08:59:53.036246,6.5
2018-04-10 09:09:53.033936,6.5
2018-04-10 09:19:53.031627,6.5
2018-04-10 09:29:53.029318,6.5
2018-04-10 09:39:53.027008,6.5
2018-04-10 09:49:53.024699,6.5
2018-04-10 09:59:53.022390,6.5
2018-04-10 10:09:53.020081,6.5
2018-04-10 10:19:53.017771,6.6
2018-04-10 10:29:53.015462,6.6
2018-04-10 10:39:53.013153,6.6
2018-04-10 10:49:53.010843,6.8
2018-04-10 10:59:53.008534,6.8
2018-04-10 11:09:53.006225,6.8
2018-04-10 11:19:53.003915,6.9
2018-04-10 11:29:53.001606,6.9
2018-04-10 11:39:52.999297,7.0
2018-04-10 11:49:52.996988,7.0
2018-04-10 11:59:52.994678,7.0
2018-04-10 12:09:52.992369,7.0
2018-04-10 12:19:52.990060,7.0
2018-04-10 12:29:52.987750,7.0
2018-04-10 12:39:52.985441,7.0
2018-04-10 12:49:52.983132,7.0
2018-04-10 12:59:52.980822,7.1
2018-04-10 13:09:52.978513,7.1
2018-04-10 13:19:52.976204,7.3
2018-04-10 13:29:52.973895,7.3
2018-04-10 13:39:52.971585,7.3
2018-04-10 13:49:52.969276,7.4
2018-04-10 13:59:52.966967,7.4
2018-04-10 14:09:52.964657,7.4
2018-04-10 14:19:52.962348,7.4
2018-04-10 14:29:52.960039,7.5
2018-04-10 14:39:52.957729,7.5
2018-04-10 14:49:52.955420,7.4
2018-04-10 14:59:52.953111,7.5
2018-04-10 15:09:52.950802,7.5
2018-04-10 15:19:52.948492,7.5
2018-04-10 15:29:52.946183,7.5
2018-04-10 15:39:52.943874,7.5
2018-04-10 15:49:52.941564,7.6
2018-04-10 15:59:52.939255,7.6
2018-04-10 16:09:52.936946,7.6
2018-04-10 16:19:52.934636,7.6
2018-04-10 16:29:52.932327,7.6
2018-04-10 16:39:52.930018,7.8
2018-04-10 16:49:52.927709,7.8
2018-04-10 16:59:52.925399,7.8
2018-04-10 17:09:52.923090,7.9
2018-04-10 17:19:52.920781,7.9
2018-04-10 17:29:52.918471,7.9
2018-04-10 17:39:52.916162,7.9
2018-04-10 17:49:52.913853,7.9
2018-04-10 17:59:52.911543,8.0
2018-04-10 18:09:52.909234,8.0
2018-04-10 18:19:52.906925,8.0
2018-04-10 18:29:52.904616,8.0
2018-04-10 18:39:52.902306,8.1
2018-04-10 18:49:52.899997,8.1
2018-04-10 18:59:52.897688,8.1
2018-04-10 19:09:52.895378,8.1
2018-04-10 19:19:52.893069,8.1
2018-04-10 19:29:52.890760,8.1
2018-04-10 19:39:52.888450,8.1
2018-04-10 19:49:52.886141,8.1
2018-04-10 19:59:52.883832,8.1
2018-04-10 20:09:52.881523,8.3
2018-04-10 20:19:52.879213,8.3
2018-04-10 20:29:52.876904,8.3
2018-04-10 20:39:52.874595,8.3
2018-04-10 20:49:52.872285,8.3
2018-04-10 20:59:52.869976,8.3
2018-04-10 21:09:52.867667,8.3
2018-04-10 21:19:52.865357,8.3
2018-04-10 21:29:52.863048,8.3
2018-04-10 21:39:52.860739,8.3
2018-04-10 21:49:52.858430,8.3
2018-04-10 21:59:52.856120,8.3
2018-04-10 22:09:52.853811,8.1
2018-04-10 22:19:52.851502,8.3
2018-04-10 22:29:52.849192,8.3
2018-04-10 22:39:52.846883,8.3
2018-04-10 22:49:52.844574,8.1
2018-04-10 22:59:52.842264,8.1
2018-04-10 23:09:52.839955,8.1
2018-04-10 23:19:52.837646,8.1
2018-04-10 23:29:52.835337,8.1
2018-04-10 23:39:52.833027,8.1
2018-04-10 23:49:52.830718,8.1
2018-04-10 23:59:52.828409,8.1
